{"is_trained": true, "model_type": "free-text", "parameters": {"early_stopping_rounds": 150, "use_best_model": true, "eval_metric": "Accuracy", "custom_metric": ["Recall", "F1"], "iterations": 2500, "learning_rate": 0.01, "depth": 7, "l2_leaf_reg": 4, "random_seed": 42}, "accuracy": 0.8588734100545125, "report": {"0": {"precision": 0.8747016706443914, "recall": 0.851335656213705, "f1-score": 0.8628605061801059, "support": 861.0}, "1": {"precision": 0.8425584255842559, "recall": 0.8670886075949367, "f1-score": 0.8546475358702433, "support": 790.0}, "accuracy": 0.8588734100545125, "macro avg": {"precision": 0.8586300481143236, "recall": 0.8592121319043209, "f1-score": 0.8587540210251746, "support": 1651.0}, "weighted avg": {"precision": 0.8593211960244599, "recall": 0.8588734100545125, "f1-score": 0.8589306172977367, "support": 1651.0}}, "last_trained": "2025-04-05T15:00:07.236831", "feature_count": 45, "training_samples": 6603, "test_samples": 1651}