{"is_trained": true, "model_type": "free-text", "parameters": {"early_stopping_rounds": 150, "use_best_model": true, "eval_metric": "Accuracy", "custom_metric": ["Recall", "F1"], "iterations": 2500, "learning_rate": 0.01, "depth": 7, "l2_leaf_reg": 4, "random_seed": 42}, "accuracy": 0.8814958717824186, "report": {"0": {"precision": 0.8832020997375328, "recall": 0.8128019323671497, "f1-score": 0.8465408805031447, "support": 828.0}, "1": {"precision": 0.8804934464148034, "recall": 0.9277010560519903, "f1-score": 0.9034810126582279, "support": 1231.0}, "accuracy": 0.8814958717824186, "macro avg": {"precision": 0.8818477730761681, "recall": 0.87025149420957, "f1-score": 0.8750109465806863, "support": 2059.0}, "weighted avg": {"precision": 0.8815826960268578, "recall": 0.8814958717824186, "f1-score": 0.8805832810290833, "support": 2059.0}}, "last_trained": "2025-04-04T21:47:47.166751", "feature_count": 45, "training_samples": 8234, "test_samples": 2059}