{"is_trained": true, "model_type": "free-text", "parameters": {"early_stopping_rounds": 150, "use_best_model": true, "eval_metric": "Accuracy", "custom_metric": ["Recall", "F1"], "iterations": 2500, "learning_rate": 0.01, "depth": 7, "l2_leaf_reg": 4, "random_seed": 42}, "accuracy": 0.8664400194269063, "report": {"0": {"precision": 0.8614379084967321, "recall": 0.7958937198067633, "f1-score": 0.8273697426239799, "support": 828.0}, "1": {"precision": 0.8693972179289027, "recall": 0.9138911454102355, "f1-score": 0.8910891089108911, "support": 1231.0}, "accuracy": 0.8664400194269063, "macro avg": {"precision": 0.8654175632128174, "recall": 0.8548924326084995, "f1-score": 0.8592294257674356, "support": 2059.0}, "weighted avg": {"precision": 0.8661964854326243, "recall": 0.8664400194269063, "f1-score": 0.865465196678952, "support": 2059.0}}, "last_trained": "2025-04-05T12:42:39.144308", "feature_count": 45, "training_samples": 8234, "test_samples": 2059}