{"is_trained": true, "model_type": "fixed-text", "parameters": {"n_estimators": 100, "max_depth": 10}, "accuracy": 0.9130434782608695, "report": {"0": {"precision": 0.9473684210526315, "recall": 0.9473684210526315, "f1-score": 0.9473684210526315, "support": 38.0}, "1": {"precision": 0.75, "recall": 0.75, "f1-score": 0.75, "support": 8.0}, "accuracy": 0.9130434782608695, "macro avg": {"precision": 0.8486842105263157, "recall": 0.8486842105263157, "f1-score": 0.8486842105263157, "support": 46.0}, "weighted avg": {"precision": 0.9130434782608695, "recall": 0.9130434782608695, "f1-score": 0.9130434782608695, "support": 46.0}}, "last_trained": "2025-04-02T17:55:54.079993", "feature_count": 45, "training_samples": 180, "test_samples": 46}