{"is_trained": true, "model_type": "fixed-text", "parameters": {"n_estimators": 100, "max_depth": 10}, "accuracy": 0.8918918918918919, "report": {"0": {"precision": 0.8918918918918919, "recall": 1.0, "f1-score": 0.9428571428571428, "support": 33.0}, "1": {"precision": 0.0, "recall": 0.0, "f1-score": 0.0, "support": 4.0}, "accuracy": 0.8918918918918919, "macro avg": {"precision": 0.44594594594594594, "recall": 0.5, "f1-score": 0.4714285714285714, "support": 37.0}, "weighted avg": {"precision": 0.7954711468224982, "recall": 0.8918918918918919, "f1-score": 0.8409266409266409, "support": 37.0}}, "last_trained": "2025-04-05T15:24:52.285469", "feature_count": 45, "training_samples": 144, "test_samples": 37}