{"is_trained": true, "model_type": "fixed-text", "parameters": {"n_estimators": 100, "max_depth": 10}, "accuracy": 0.8648648648648649, "report": {"0": {"precision": 0.8648648648648649, "recall": 1.0, "f1-score": 0.927536231884058, "support": 32.0}, "1": {"precision": 0.0, "recall": 0.0, "f1-score": 0.0, "support": 5.0}, "accuracy": 0.8648648648648649, "macro avg": {"precision": 0.43243243243243246, "recall": 0.5, "f1-score": 0.463768115942029, "support": 37.0}, "weighted avg": {"precision": 0.747991234477721, "recall": 0.8648648648648649, "f1-score": 0.8021934978456717, "support": 37.0}}, "last_trained": "2025-04-04T21:44:15.801915", "feature_count": 45, "training_samples": 145, "test_samples": 37}